{"cameraMode":{"drawMode":0,"name":"Shaded","section":"Shading Mode"},"sceneLighting":true,"audioPlay":false,"sceneViewState":{"m_AlwaysRefresh":false,"showFog":true,"showSkybox":false,"showFlares":true,"showImageEffects":true,"showParticleSystems":true,"showVisualEffectGraphs":true,"m_FxEnabled":true},"in2DMode":false,"pivot":{"x":0.011606991291046143,"y":0.42550501227378847,"z":0.005008190870285034},"rotation":{"x":-0.20491160452365876,"y":0.6685605049133301,"z":0.1995747685432434,"w":0.6864526271820068},"size":0.6414863467216492,"orthographic":false}