{"cameraMode":{"drawMode":0,"name":"Shaded","section":"Shading Mode"},"sceneLighting":false,"audioPlay":false,"sceneViewState":{"m_AlwaysRefresh":false,"showFog":true,"showSkybox":false,"showFlares":true,"showImageEffects":true,"showParticleSystems":true,"showVisualEffectGraphs":true,"m_FxEnabled":true},"in2DMode":false,"pivot":{"x":-0.003195732831954956,"y":-0.14537596702575684,"z":-0.000014662742614746094},"rotation":{"x":-0.025023823603987695,"y":-0.5744928121566773,"z":-0.017587121576070787,"w":0.817953884601593},"size":0.7075353264808655,"orthographic":false}