{"cameraMode":{"drawMode":0,"name":"Shaded","section":"Shading Mode"},"sceneLighting":false,"audioPlay":false,"sceneViewState":{"m_AlwaysRefresh":false,"showFog":false,"showSkybox":false,"showFlares":false,"showImageEffects":false,"showParticleSystems":false,"showVisualEffectGraphs":true,"m_FxEnabled":true},"in2DMode":false,"pivot":{"x":1.524036169052124,"y":5.897374153137207,"z":-0.14419317245483399},"rotation":{"x":0.013708899728953839,"y":-0.9806927442550659,"z":0.07457596063613892,"w":0.18027639389038087},"size":3.4602878093719484,"orthographic":false}